Workbook

Sheet Summary
A1: CFPB credit card complaints: relief rate, bureaus vs card issuers
A2: Complaints received 2023-08-17 to 2024-12-31. Relief rate = complaints closed with monetary or non-monetary relief divided by complaints with an outcome (the 29 'Untimely response' rows are excluded).
A4: Relief rate by company type
A5: Group | B5: Complaints with an outcome | C5: Relief cases | D5: Relief rate
A6: Bureau | B6: =SUMIFS('By issue and group'!$C$5:$C$34,'By issue and group'!$A$5:$A$34,"Bureau") -> 27110 | C6: =SUMIFS('By issue and group'!$D$5:$D$34,'By issue and group'!$A$5:$A$34,"Bureau") -> 15162 | D6: =IFERROR(C6/B6,"") -> 0.55927702
A7: Card issuer | B7: =SUMIFS('By issue and group'!$C$5:$C$34,'By issue and group'!$A$5:$A$34,"Card issuer") -> 70722 | C7: =SUMIFS('By issue and group'!$D$5:$D$34,'By issue and group'!$A$5:$A$34,"Card issuer") -> 22828 | D7: =IFERROR(C7/B7,"") -> 0.32278499
A8: Combined | B8: =B6+B7 -> 97832 | C8: =C6+C7 -> 37990 | D8: =IFERROR(C8/B8,"") -> 0.38831875
A10: How all complaints ended
A11: Outcome | B11: Complaints | C11: Share
A12: Closed with explanation | B12: 59842 | C12: =IFERROR(B12/$B$16,"") -> 0.61149998
A13: Closed with non-monetary relief | B13: 24893 | C13: =IFERROR(B13/$B$16,"") -> 0.254371
A14: Closed with monetary relief | B14: 13097 | C14: =IFERROR(B14/$B$16,"") -> 0.13383268
A15: Untimely response | B15: 29 | C15: =IFERROR(B15/$B$16,"") -> 0.00029633868
A16: Total | B16: =SUM(B12:B15) -> 97861 | C16: =SUM(C12:C15) -> 1
A17: Rows imported into complaints_raw (input) | B17: 97861
A18: Check | B18: =IF(B16=B17,"OK: outcomes reconcile to rows imported","CHECK: totals differ") -> OK: outcomes reconcile to rows imported
A20: Timely response flag
A21: Flag | B21: Complaints | C21: Share
A22: Yes | B22: 97694 | C22: =IFERROR(B22/$B$24,"") -> 0.9982935
A23: No | B23: 167 | C23: =IFERROR(B23/$B$24,"") -> 0.0017065021
A24: Total | B24: =SUM(B22:B23) -> 97861 | C24: =SUM(C22:C23) -> 1
A26: What the split shows
A27: ="Bureaus: "&TEXT(D6,"0.0%")&" relief rate. Card issuers: "&TEXT(D7,"0.0%")&". Combined: "&TEXT(D8,"0.0%")&". The combined figure hides how different the two groups are." -> Bureaus: 55.9% relief rate. Card issuers: 32.3%. Combined: 38.8%. The combined figure hides how different the two groups are.
A28: ="Response speed is not the problem: "&TEXT(C22,"0.00%")&" of responses were timely, so the question moves to how complaints end." -> Response speed is not the problem: 99.83% of responses were timely, so the question moves to how complaints end.
A30: Cautions
A31: 1. Compare issues within a group, not across groups. For a bureau, correcting an item on a credit report counts as relief, so the two groups' rates do not measure the same thing.
A32: 2. Ignore relief rates on small counts (under about 100 complaints). A few cases swing a percentage too much to trust.
A33: 3. Complaints are not a representative sample and there are no customer counts, so high volume does not mean a company performs badly.
A34: 4. US credit card complaints only. 'Closed with explanation' does not mean the company was right. This project demonstrates a method.

Sheet By issue and group
A1: Relief rate by issue and company type (SQL results)
A2: Source: SQL query on dbo.complaints_labeled, run by the analyst. 'Untimely response' rows (29) are excluded. Blue = values copied from the SQL output. Relief rate is a formula. One issue name was cut off in the SQL screenshot ('Credit monitoring or identity theft protection servi...') and was completed from the CFPB category name; verify against your results.
A4: Company type | B4: Issue | C4: Complaints | D4: Relief cases | E4: Relief rate
A5: Bureau | B5: Problem with a company's investigation into an existing problem | C5: 12724 | D5: 7075 | E5: =IFERROR(D5/C5,"") -> 0.55603584
A6: Bureau | B6: Incorrect information on your report | C6: 10887 | D6: 6166 | E6: =IFERROR(D6/C6,"") -> 0.56636355
A7: Bureau | B7: Getting a credit card | C7: 2104 | D7: 1166 | E7: =IFERROR(D7/C7,"") -> 0.55418251
A8: Bureau | B8: Other features, terms, or problems | C8: 493 | D8: 272 | E8: =IFERROR(D8/C8,"") -> 0.55172414
A9: Bureau | B9: Advertising and marketing, including promotional offers | C9: 417 | D9: 265 | E9: =IFERROR(D9/C9,"") -> 0.63549161
A10: Bureau | B10: Problem with a purchase shown on your statement | C10: 120 | D10: 55 | E10: =IFERROR(D10/C10,"") -> 0.45833333
A11: Bureau | B11: Improper use of your report | C11: 113 | D11: 52 | E11: =IFERROR(D11/C11,"") -> 0.46017699
A12: Bureau | B12: Closing your account | C12: 98 | D12: 48 | E12: =IFERROR(D12/C12,"") -> 0.48979592
A13: Bureau | B13: Problem when making payments | C13: 61 | D13: 31 | E13: =IFERROR(D13/C13,"") -> 0.50819672
A14: Bureau | B14: Fees or interest | C14: 44 | D14: 18 | E14: =IFERROR(D14/C14,"") -> 0.40909091
A15: Bureau | B15: Struggling to pay your bill | C15: 15 | D15: 4 | E15: =IFERROR(D15/C15,"") -> 0.26666667
A16: Bureau | B16: Trouble using your card | C16: 12 | D16: 1 | E16: =IFERROR(D16/C16,"") -> 0.083333333
... A34: Card issuer | B34: Unable to get your credit report or credit score | C34: 37 | D34: 5 | E34: =IFERROR(D34/C34,"") -> 0.13513514

Sheet Issue comparison
A1: Relief rate by issue: bureaus vs card issuers vs combined
A2: All figures are formulas on the 'By issue and group' sheet. Gap = bureau rate minus card issuer rate, in percentage points. Change the yellow cell to adjust which issues are flagged as small counts.
A3: Small-count threshold (complaints) | B3: 100
A5: Issue | B5: Bureau complaints | C5: Bureau relief rate | D5: Card issuer complaints | E5: Card issuer relief rate | F5: Combined complaints | G5: Combined relief rate | H5: Gap (bureau minus issuer, pts) | I5: Small-count flag
A6: Problem with a purchase shown on your statement | B6: =SUMIFS('By issue and group'!$C$5:$C$34,'By issue and group'!$A$5:$A$34,"Bureau",'By issue and group'!$B$5:$B$34,$A6) -> 120 | C6: =IFERROR(SUMIFS('By issue and group'!$D$5:$D$34,'By issue and group'!$A$5:$A$34,"Bureau",'By issue and group'!$B$5:$B$34,$A6)/B6,"") -> 0.45833333 | D6: =SUMIFS('By issue and group'!$C$5:$C$34,'By issue and group'!$A$5:$A$34,"Card issuer",'By issue and group'!$B$5:$B$34,$A6) -> 19110 | E6: =IFERROR(SUMIFS('By issue and group'!$D$5:$D$34,'By issue and group'!$A$5:$A$34,"Card issuer",'By issue and group'!$B$5:$B$34,$A6)/D6,"") -> 0.39555207 | F6: =B6+D6 -> 19230 | G6: =IFERROR((SUMIFS('By issue and group'!$D$5:$D$34,'By issue and group'!$A$5:$A$34,"Bureau",'By issue and group'!$B$5:$B$34,$A6)+SUMIFS('By issue and group'!$D$5:$D$34,'By issue and group'!$A$5:$A$34,"Card issuer",'By issue and group'!$B$5:$B$34,$A6))/F6,"") -> 0.39594384 | H6: =IFERROR((C6-E6)*100,"") -> 6.2781266 | I6: =IF(OR(B6<$B$3,D6<$B$3),"Low count","")
A7: Incorrect information on your report | B7: =SUMIFS('By issue and group'!$C$5:$C$34,'By issue and group'!$A$5:$A$34,"Bureau",'By issue and group'!$B$5:$B$34,$A7) -> 10887 | C7: =IFERROR(SUMIFS('By issue and group'!$D$5:$D$34,'By issue and group'!$A$5:$A$34,"Bureau",'By issue and group'!$B$5:$B$34,$A7)/B7,"") -> 0.56636355 | D7: =SUMIFS('By issue and group'!$C$5:$C$34,'By issue and group'!$A$5:$A$34,"Card issuer",'By issue and group'!$B$5:$B$34,$A7) -> 3453 | E7: =IFERROR(SUMIFS('By issue and group'!$D$5:$D$34,'By issue and group'!$A$5:$A$34,"Card issuer",'By issue and group'!$B$5:$B$34,$A7)/D7,"") -> 0.24384593 | F7: =B7+D7 -> 14340 | G7: =IFERROR((SUMIFS('By issue and group'!$D$5:$D$34,'By issue and group'!$A$5:$A$34,"Bureau",'By issue and group'!$B$5:$B$34,$A7)+SUMIFS('By issue and group'!$D$5:$D$34,'By issue and group'!$A$5:$A$34,"Card issuer",'By issue and group'!$B$5:$B$34,$A7))/F7,"") -> 0.48870293 | H7: =IFERROR((C7-E7)*100,"") -> 32.251762 | I7: =IF(OR(B7<$B$3,D7<$B$3),"Low count","")
A8: Problem with a company's investigation into an existing problem | B8: =SUMIFS('By issue and group'!$C$5:$C$34,'By issue and group'!$A$5:$A$34,"Bureau",'By issue and group'!$B$5:$B$34,$A8) -> 12724 | C8: =IFERROR(SUMIFS('By issue and group'!$D$5:$D$34,'By issue and group'!$A$5:$A$34,"Bureau",'By issue and group'!$B$5:$B$34,$A8)/B8,"") -> 0.55603584 | D8: =SUMIFS('By issue and group'!$C$5:$C$34,'By issue and group'!$A$5:$A$34,"Card issuer",'By issue and group'!$B$5:$B$34,$A8) -> 1268 | E8: =IFERROR(SUMIFS('By issue and group'!$D$5:$D$34,'By issue and group'!$A$5:$A$34,"Card issuer",'By issue and group'!$B$5:$B$34,$A8)/D8,"") -> 0.25157729 | F8: =B8+D8 -> 13992 | G8: =IFERROR((SUMIFS('By issue and group'!$D$5:$D$34,'By issue and group'!$A$5:$A$34,"Bureau",'By issue and group'!$B$5:$B$34,$A8)+SUMIFS('By issue and group'!$D$5:$D$34,'By issue and group'!$A$5:$A$34,"Card issuer",'By issue and group'!$B$5:$B$34,$A8))/F8,"") -> 0.52844483 | H8: =IFERROR((C8-E8)*100,"") -> 30.445855 | I8: =IF(OR(B8<$B$3,D8<$B$3),"Low count","")
A9: Getting a credit card | B9: =SUMIFS('By issue and group'!$C$5:$C$34,'By issue and group'!$A$5:$A$34,"Bureau",'By issue and group'!$B$5:$B$34,$A9) -> 2104 | C9: =IFERROR(SUMIFS('By issue and group'!$D$5:$D$34,'By issue and group'!$A$5:$A$34,"Bureau",'By issue and group'!$B$5:$B$34,$A9)/B9,"") -> 0.55418251 | D9: =SUMIFS('By issue and group'!$C$5:$C$34,'By issue and group'!$A$5:$A$34,"Card issuer",'By issue and group'!$B$5:$B$34,$A9) -> 10724 | E9: =IFERROR(SUMIFS('By issue and group'!$D$5:$D$34,'By issue and group'!$A$5:$A$34,"Card issuer",'By issue and group'!$B$5:$B$34,$A9)/D9,"") -> 0.31126445 | F9: =B9+D9 -> 12828 | G9: =IFERROR((SUMIFS('By issue and group'!$D$5:$D$34,'By issue and group'!$A$5:$A$34,"Bureau",'By issue and group'!$B$5:$B$34,$A9)+SUMIFS('By issue and group'!$D$5:$D$34,'By issue and group'!$A$5:$A$34,"Card issuer",'By issue and group'!$B$5:$B$34,$A9))/F9,"") -> 0.35110695 | H9: =IFERROR((C9-E9)*100,"") -> 24.291806 | I9: =IF(OR(B9<$B$3,D9<$B$3),"Low count","")
A10: Other features, terms, or problems | B10: =SUMIFS('By issue and group'!$C$5:$C$34,'By issue and group'!$A$5:$A$34,"Bureau",'By issue and group'!$B$5:$B$34,$A10) -> 493 | C10: =IFERROR(SUMIFS('By issue and group'!$D$5:$D$34,'By issue and group'!$A$5:$A$34,"Bureau",'By issue and group'!$B$5:$B$34,$A10)/B10,"") -> 0.55172414 | D10: =SUMIFS('By issue and group'!$C$5:$C$34,'By issue and group'!$A$5:$A$34,"Card issuer",'By issue and group'!$B$5:$B$34,$A10) -> 9010 | E10: =IFERROR(SUMIFS('By issue and group'!$D$5:$D$34,'By issue and group'!$A$5:$A$34,"Card issuer",'By issue and group'!$B$5:$B$34,$A10)/D10,"") -> 0.29733629 | F10: =B10+D10 -> 9503 | G10: =IFERROR((SUMIFS('By issue and group'!$D$5:$D$34,'By issue and group'!$A$5:$A$34,"Bureau",'By issue and group'!$B$5:$B$34,$A10)+SUMIFS('By issue and group'!$D$5:$D$34,'By issue and group'!$A$5:$A$34,"Card issuer",'By issue and group'!$B$5:$B$34,$A10))/F10,"") -> 0.31053352 | H10: =IFERROR((C10-E10)*100,"") -> 25.438784 | I10: =IF(OR(B10<$B$3,D10<$B$3),"Low count","")
A11: Fees or interest | B11: =SUMIFS('By issue and group'!$C$5:$C$34,'By issue and group'!$A$5:$A$34,"Bureau",'By issue and group'!$B$5:$B$34,$A11) -> 44 | C11: =IFERROR(SUMIFS('By issue and group'!$D$5:$D$34,'By issue and group'!$A$5:$A$34,"Bureau",'By issue and group'!$B$5:$B$34,$A11)/B11,"") -> 0.40909091 | D11: =SUMIFS('By issue and group'!$C$5:$C$34,'By issue and group'!$A$5:$A$34,"Card issuer",'By issue and group'!$B$5:$B$34,$A11) -> 7926 | E11: =IFERROR(SUMIFS('By issue and group'!$D$5:$D$34,'By issue and group'!$A$5:$A$34,"Card issuer",'By issue and group'!$B$5:$B$34,$A11)/D11,"") -> 0.41294474 | F11: =B11+D11 -> 7970 | G11: =IFERROR((SUMIFS('By issue and group'!$D$5:$D$34,'By issue and group'!$A$5:$A$34,"Bureau",'By issue and group'!$B$5:$B$34,$A11)+SUMIFS('By issue and group'!$D$5:$D$34,'By issue and group'!$A$5:$A$34,"Card issuer",'By issue and group'!$B$5:$B$34,$A11))/F11,"") -> 0.41292346 | H11: =IFERROR((C11-E11)*100,"") -> -0.38538297 | I11: =IF(OR(B11<$B$3,D11<$B$3),"Low count","") -> Low count
A12: Closing your account | B12: =SUMIFS('By issue and group'!$C$5:$C$34,'By issue and group'!$A$5:$A$34,"Bureau",'By issue and group'!$B$5:$B$34,$A12) -> 98 | C12: =IFERROR(SUMIFS('By issue and group'!$D$5:$D$34,'By issue and group'!$A$5:$A$34,"Bureau",'By issue and group'!$B$5:$B$34,$A12)/B12,"") -> 0.48979592 | D12: =SUMIFS('By issue and group'!$C$5:$C$34,'By issue and group'!$A$5:$A$34,"Card issuer",'By issue and group'!$B$5:$B$34,$A12) -> 5372 | E12: =IFERROR(SUMIFS('By issue and group'!$D$5:$D$34,'By issue and group'!$A$5:$A$34,"Card issuer",'By issue and group'!$B$5:$B$34,$A12)/D12,"") -> 0.21202532 | F12: =B12+D12 -> 5470 | G12: =IFERROR((SUMIFS('By issue and group'!$D$5:$D$34,'By issue and group'!$A$5:$A$34,"Bureau",'By issue and group'!$B$5:$B$34,$A12)+SUMIFS('By issue and group'!$D$5:$D$34,'By issue and group'!$A$5:$A$34,"Card issuer",'By issue and group'!$B$5:$B$34,$A12))/F12,"") -> 0.21700183 | H12: =IFERROR((C12-E12)*100,"") -> 27.77706 | I12: =IF(OR(B12<$B$3,D12<$B$3),"Low count","") -> Low count
A13: Problem when making payments | B13: =SUMIFS('By issue and group'!$C$5:$C$34,'By issue and group'!$A$5:$A$34,"Bureau",'By issue and group'!$B$5:$B$34,$A13) -> 61 | C13: =IFERROR(SUMIFS('By issue and group'!$D$5:$D$34,'By issue and group'!$A$5:$A$34,"Bureau",'By issue and group'!$B$5:$B$34,$A13)/B13,"") -> 0.50819672 | D13: =SUMIFS('By issue and group'!$C$5:$C$34,'By issue and group'!$A$5:$A$34,"Card issuer",'By issue and group'!$B$5:$B$34,$A13) -> 5349 | E13: =IFERROR(SUMIFS('By issue and group'!$D$5:$D$34,'By issue and group'!$A$5:$A$34,"Card issuer",'By issue and group'!$B$5:$B$34,$A13)/D13,"") -> 0.31089923 | F13: =B13+D13 -> 5410 | G13: =IFERROR((SUMIFS('By issue and group'!$D$5:$D$34,'By issue and group'!$A$5:$A$34,"Bureau",'By issue and group'!$B$5:$B$34,$A13)+SUMIFS('By issue and group'!$D$5:$D$34,'By issue and group'!$A$5:$A$34,"Card issuer",'By issue and group'!$B$5:$B$34,$A13))/F13,"") -> 0.31312384 | H13: =IFERROR((C13-E13)*100,"") -> 19.729749 | I13: =IF(OR(B13<$B$3,D13<$B$3),"Low count","") -> Low count
A14: Advertising and marketing, including promotional offers | B14: =SUMIFS('By issue and group'!$C$5:$C$34,'By issue and group'!$A$5:$A$34,"Bureau",'By issue and group'!$B$5:$B$34,$A14) -> 417 | C14: =IFERROR(SUMIFS('By issue and group'!$D$5:$D$34,'By issue and group'!$A$5:$A$34,"Bureau",'By issue and group'!$B$5:$B$34,$A14)/B14,"") -> 0.63549161 | D14: =SUMIFS('By issue and group'!$C$5:$C$34,'By issue and group'!$A$5:$A$34,"Card issuer",'By issue and group'!$B$5:$B$34,$A14) -> 3101 | E14: =IFERROR(SUMIFS('By issue and group'!$D$5:$D$34,'By issue and group'!$A$5:$A$34,"Card issuer",'By issue and group'!$B$5:$B$34,$A14)/D14,"") -> 0.27410513 | F14: =B14+D14 -> 3518 | G14: =IFERROR((SUMIFS('By issue and group'!$D$5:$D$34,'By issue and group'!$A$5:$A$34,"Bureau",'By issue and group'!$B$5:$B$34,$A14)+SUMIFS('By issue and group'!$D$5:$D$34,'By issue and group'!$A$5:$A$34,"Card issuer",'By issue and group'!$B$5:$B$34,$A14))/F14,"") -> 0.31694144 | H14: =IFERROR((C14-E14)*100,"") -> 36.138648 | I14: =IF(OR(B14<$B$3,D14<$B$3),"Low count","")
A15: Trouble using your card | B15: =SUMIFS('By issue and group'!$C$5:$C$34,'By issue and group'!$A$5:$A$34,"Bureau",'By issue and group'!$B$5:$B$34,$A15) -> 12 | C15: =IFERROR(SUMIFS('By issue and group'!$D$5:$D$34,'By issue and group'!$A$5:$A$34,"Bureau",'By issue and group'!$B$5:$B$34,$A15)/B15,"") -> 0.083333333 | D15: =SUMIFS('By issue and group'!$C$5:$C$34,'By issue and group'!$A$5:$A$34,"Card issuer",'By issue and group'!$B$5:$B$34,$A15) -> 2989 | E15: =IFERROR(SUMIFS('By issue and group'!$D$5:$D$34,'By issue and group'!$A$5:$A$34,"Card issuer",'By issue and group'!$B$5:$B$34,$A15)/D15,"") -> 0.17898963 | F15: =B15+D15 -> 3001 | G15: =IFERROR((SUMIFS('By issue and group'!$D$5:$D$34,'By issue and group'!$A$5:$A$34,"Bureau",'By issue and group'!$B$5:$B$34,$A15)+SUMIFS('By issue and group'!$D$5:$D$34,'By issue and group'!$A$5:$A$34,"Card issuer",'By issue and group'!$B$5:$B$34,$A15))/F15,"") -> 0.17860713 | H15: =IFERROR((C15-E15)*100,"") -> -9.5656295 | I15: =IF(OR(B15<$B$3,D15<$B$3),"Low count","") -> Low count
A16: Improper use of your report | B16: =SUMIFS('By issue and group'!$C$5:$C$34,'By issue and group'!$A$5:$A$34,"Bureau",'By issue and group'!$B$5:$B$34,$A16) -> 113 | C16: =IFERROR(SUMIFS('By issue and group'!$D$5:$D$34,'By issue and group'!$A$5:$A$34,"Bureau",'By issue and group'!$B$5:$B$34,$A16)/B16,"") -> 0.46017699 | D16: =SUMIFS('By issue and group'!$C$5:$C$34,'By issue and group'!$A$5:$A$34,"Card issuer",'By issue and group'!$B$5:$B$34,$A16) -> 1038 | E16: =IFERROR(SUMIFS('By issue and group'!$D$5:$D$34,'By issue and group'!$A$5:$A$34,"Card issuer",'By issue and group'!$B$5:$B$34,$A16)/D16,"") -> 0.29094412 | F16: =B16+D16 -> 1151 | G16: =IFERROR((SUMIFS('By issue and group'!$D$5:$D$34,'By issue and group'!$A$5:$A$34,"Bureau",'By issue and group'!$B$5:$B$34,$A16)+SUMIFS('By issue and group'!$D$5:$D$34,'By issue and group'!$A$5:$A$34,"Card issuer",'By issue and group'!$B$5:$B$34,$A16))/F16,"") -> 0.30755864 | H16: =IFERROR((C16-E16)*100,"") -> 16.923287 | I16: =IF(OR(B16<$B$3,D16<$B$3),"Low count","")
A17: Struggling to pay your bill | B17: =SUMIFS('By issue and group'!$C$5:$C$34,'By issue and group'!$A$5:$A$34,"Bureau",'By issue and group'!$B$5:$B$34,$A17) -> 15 | C17: =IFERROR(SUMIFS('By issue and group'!$D$5:$D$34,'By issue and group'!$A$5:$A$34,"Bureau",'By issue and group'!$B$5:$B$34,$A17)/B17,"") -> 0.26666667 | D17: =SUMIFS('By issue and group'!$C$5:$C$34,'By issue and group'!$A$5:$A$34,"Card issuer",'By issue and group'!$B$5:$B$34,$A17) -> 1054 | E17: =IFERROR(SUMIFS('By issue and group'!$D$5:$D$34,'By issue and group'!$A$5:$A$34,"Card issuer",'By issue and group'!$B$5:$B$34,$A17)/D17,"") -> 0.22011385 | F17: =B17+D17 -> 1069 | G17: =IFERROR((SUMIFS('By issue and group'!$D$5:$D$34,'By issue and group'!$A$5:$A$34,"Bureau",'By issue and group'!$B$5:$B$34,$A17)+SUMIFS('By issue and group'!$D$5:$D$34,'By issue and group'!$A$5:$A$34,"Card issuer",'By issue and group'!$B$5:$B$34,$A17))/F17,"") -> 0.22076707 | H17: =IFERROR((C17-E17)*100,"") -> 4.6552815 | I17: =IF(OR(B17<$B$3,D17<$B$3),"Low count","") -> Low count
... A20: Unable to get your credit report or credit score | B20: =SUMIFS('By issue and group'!$C$5:$C$34,'By issue and group'!$A$5:$A$34,"Bureau",'By issue and group'!$B$5:$B$34,$A20) -> 4 | C20: =IFERROR(SUMIFS('By issue and group'!$D$5:$D$34,'By issue and group'!$A$5:$A$34,"Bureau",'By issue and group'!$B$5:$B$34,$A20)/B20,"") -> 0.25 | D20: =SUMIFS('By issue and group'!$C$5:$C$34,'By issue and group'!$A$5:$A$34,"Card issuer",'By issue and group'!$B$5:$B$34,$A20) -> 37 | E20: =IFERROR(SUMIFS('By issue and group'!$D$5:$D$34,'By issue and group'!$A$5:$A$34,"Card issuer",'By issue and group'!$B$5:$B$34,$A20)/D20,"") -> 0.13513514 | F20: =B20+D20 -> 41 | G20: =IFERROR((SUMIFS('By issue and group'!$D$5:$D$34,'By issue and group'!$A$5:$A$34,"Bureau",'By issue and group'!$B$5:$B$34,$A20)+SUMIFS('By issue and group'!$D$5:$D$34,'By issue and group'!$A$5:$A$34,"Card issuer",'By issue and group'!$B$5:$B$34,$A20))/F20,"") -> 0.14634146 | H20: =IFERROR((C20-E20)*100,"") -> 11.486486 | I20: =IF(OR(B20<$B$3,D20<$B$3),"Low count","") -> Low count
A22: Rows with a 'Low count' flag have fewer complaints than the threshold in at least one group; read their rates with caution.

Sheet Card issuer focus
A1: Card issuers: which issues have high volume and a below-average relief rate?
A2: The 5% cutoff in the yellow cell was chosen by the analyst (see the Decision log). Change it to test other cutoffs. 'Priority' is a screen for where to look first, not a finding on its own.
A3: High-volume cutoff (share of card issuer complaints) | B3: 0.05
A4: Card issuer relief rate (average) | B4: =Summary!D7 -> 0.32278499
A5: Card issuer complaints with an outcome | B5: =Summary!B7 -> 70722
A7: Issue | B7: Complaints | C7: Share of card issuer complaints | D7: Relief rate | E7: Gap vs card issuer average (pts) | F7: High volume? | G7: Below average? | H7: Priority
A8: Problem with a purchase shown on your statement | B8: =SUMIFS('By issue and group'!$C$5:$C$34,'By issue and group'!$A$5:$A$34,"Card issuer",'By issue and group'!$B$5:$B$34,$A8) -> 19110 | C8: =IFERROR(B8/$B$5,"") -> 0.27021295 | D8: =IFERROR(SUMIFS('By issue and group'!$D$5:$D$34,'By issue and group'!$A$5:$A$34,"Card issuer",'By issue and group'!$B$5:$B$34,$A8)/B8,"") -> 0.39555207 | E8: =IFERROR((D8-$B$4)*100,"") -> 7.2767078 | F8: =IF(C8>=$B$3,"Yes","No") -> Yes | G8: =IF(D8<$B$4,"Yes","No") -> No | H8: =IF(AND(F8="Yes",G8="Yes"),"Priority","")
A9: Getting a credit card | B9: =SUMIFS('By issue and group'!$C$5:$C$34,'By issue and group'!$A$5:$A$34,"Card issuer",'By issue and group'!$B$5:$B$34,$A9) -> 10724 | C9: =IFERROR(B9/$B$5,"") -> 0.15163598 | D9: =IFERROR(SUMIFS('By issue and group'!$D$5:$D$34,'By issue and group'!$A$5:$A$34,"Card issuer",'By issue and group'!$B$5:$B$34,$A9)/B9,"") -> 0.31126445 | E9: =IFERROR((D9-$B$4)*100,"") -> -1.1520536 | F9: =IF(C9>=$B$3,"Yes","No") -> Yes | G9: =IF(D9<$B$4,"Yes","No") -> Yes | H9: =IF(AND(F9="Yes",G9="Yes"),"Priority","") -> Priority
A10: Other features, terms, or problems | B10: =SUMIFS('By issue and group'!$C$5:$C$34,'By issue and group'!$A$5:$A$34,"Card issuer",'By issue and group'!$B$5:$B$34,$A10) -> 9010 | C10: =IFERROR(B10/$B$5,"") -> 0.12740024 | D10: =IFERROR(SUMIFS('By issue and group'!$D$5:$D$34,'By issue and group'!$A$5:$A$34,"Card issuer",'By issue and group'!$B$5:$B$34,$A10)/B10,"") -> 0.29733629 | E10: =IFERROR((D10-$B$4)*100,"") -> -2.5448696 | F10: =IF(C10>=$B$3,"Yes","No") -> Yes | G10: =IF(D10<$B$4,"Yes","No") -> Yes | H10: =IF(AND(F10="Yes",G10="Yes"),"Priority","") -> Priority
A11: Fees or interest | B11: =SUMIFS('By issue and group'!$C$5:$C$34,'By issue and group'!$A$5:$A$34,"Card issuer",'By issue and group'!$B$5:$B$34,$A11) -> 7926 | C11: =IFERROR(B11/$B$5,"") -> 0.11207262 | D11: =IFERROR(SUMIFS('By issue and group'!$D$5:$D$34,'By issue and group'!$A$5:$A$34,"Card issuer",'By issue and group'!$B$5:$B$34,$A11)/B11,"") -> 0.41294474 | E11: =IFERROR((D11-$B$4)*100,"") -> 9.015975 | F11: =IF(C11>=$B$3,"Yes","No") -> Yes | G11: =IF(D11<$B$4,"Yes","No") -> No | H11: =IF(AND(F11="Yes",G11="Yes"),"Priority","")
A12: Closing your account | B12: =SUMIFS('By issue and group'!$C$5:$C$34,'By issue and group'!$A$5:$A$34,"Card issuer",'By issue and group'!$B$5:$B$34,$A12) -> 5372 | C12: =IFERROR(B12/$B$5,"") -> 0.07595939 | D12: =IFERROR(SUMIFS('By issue and group'!$D$5:$D$34,'By issue and group'!$A$5:$A$34,"Card issuer",'By issue and group'!$B$5:$B$34,$A12)/B12,"") -> 0.21202532 | E12: =IFERROR((D12-$B$4)*100,"") -> -11.075967 | F12: =IF(C12>=$B$3,"Yes","No") -> Yes | G12: =IF(D12<$B$4,"Yes","No") -> Yes | H12: =IF(AND(F12="Yes",G12="Yes"),"Priority","") -> Priority
A13: Problem when making payments | B13: =SUMIFS('By issue and group'!$C$5:$C$34,'By issue and group'!$A$5:$A$34,"Card issuer",'By issue and group'!$B$5:$B$34,$A13) -> 5349 | C13: =IFERROR(B13/$B$5,"") -> 0.075634173 | D13: =IFERROR(SUMIFS('By issue and group'!$D$5:$D$34,'By issue and group'!$A$5:$A$34,"Card issuer",'By issue and group'!$B$5:$B$34,$A13)/B13,"") -> 0.31089923 | E13: =IFERROR((D13-$B$4)*100,"") -> -1.1885756 | F13: =IF(C13>=$B$3,"Yes","No") -> Yes | G13: =IF(D13<$B$4,"Yes","No") -> Yes | H13: =IF(AND(F13="Yes",G13="Yes"),"Priority","") -> Priority
A14: Incorrect information on your report | B14: =SUMIFS('By issue and group'!$C$5:$C$34,'By issue and group'!$A$5:$A$34,"Card issuer",'By issue and group'!$B$5:$B$34,$A14) -> 3453 | C14: =IFERROR(B14/$B$5,"") -> 0.048824977 | D14: =IFERROR(SUMIFS('By issue and group'!$D$5:$D$34,'By issue and group'!$A$5:$A$34,"Card issuer",'By issue and group'!$B$5:$B$34,$A14)/B14,"") -> 0.24384593 | E14: =IFERROR((D14-$B$4)*100,"") -> -7.8939058 | F14: =IF(C14>=$B$3,"Yes","No") -> No | G14: =IF(D14<$B$4,"Yes","No") -> Yes | H14: =IF(AND(F14="Yes",G14="Yes"),"Priority","")
A15: Advertising and marketing, including promotional offers | B15: =SUMIFS('By issue and group'!$C$5:$C$34,'By issue and group'!$A$5:$A$34,"Card issuer",'By issue and group'!$B$5:$B$34,$A15) -> 3101 | C15: =IFERROR(B15/$B$5,"") -> 0.043847742 | D15: =IFERROR(SUMIFS('By issue and group'!$D$5:$D$34,'By issue and group'!$A$5:$A$34,"Card issuer",'By issue and group'!$B$5:$B$34,$A15)/B15,"") -> 0.27410513 | E15: =IFERROR((D15-$B$4)*100,"") -> -4.8679862 | F15: =IF(C15>=$B$3,"Yes","No") -> No | G15: =IF(D15<$B$4,"Yes","No") -> Yes | H15: =IF(AND(F15="Yes",G15="Yes"),"Priority","")
A16: Trouble using your card | B16: =SUMIFS('By issue and group'!$C$5:$C$34,'By issue and group'!$A$5:$A$34,"Card issuer",'By issue and group'!$B$5:$B$34,$A16) -> 2989 | C16: =IFERROR(B16/$B$5,"") -> 0.042264076 | D16: =IFERROR(SUMIFS('By issue and group'!$D$5:$D$34,'By issue and group'!$A$5:$A$34,"Card issuer",'By issue and group'!$B$5:$B$34,$A16)/B16,"") -> 0.17898963 | E16: =IFERROR((D16-$B$4)*100,"") -> -14.379536 | F16: =IF(C16>=$B$3,"Yes","No") -> No | G16: =IF(D16<$B$4,"Yes","No") -> Yes | H16: =IF(AND(F16="Yes",G16="Yes"),"Priority","")
A17: Problem with a company's investigation into an existing problem | B17: =SUMIFS('By issue and group'!$C$5:$C$34,'By issue and group'!$A$5:$A$34,"Card issuer",'By issue and group'!$B$5:$B$34,$A17) -> 1268 | C17: =IFERROR(B17/$B$5,"") -> 0.017929357 | D17: =IFERROR(SUMIFS('By issue and group'!$D$5:$D$34,'By issue and group'!$A$5:$A$34,"Card issuer",'By issue and group'!$B$5:$B$34,$A17)/B17,"") -> 0.25157729 | E17: =IFERROR((D17-$B$4)*100,"") -> -7.1207702 | F17: =IF(C17>=$B$3,"Yes","No") -> No | G17: =IF(D17<$B$4,"Yes","No") -> Yes | H17: =IF(AND(F17="Yes",G17="Yes"),"Priority","")
A18: Struggling to pay your bill | B18: =SUMIFS('By issue and group'!$C$5:$C$34,'By issue and group'!$A$5:$A$34,"Card issuer",'By issue and group'!$B$5:$B$34,$A18) -> 1054 | C18: =IFERROR(B18/$B$5,"") -> 0.014903425 | D18: =IFERROR(SUMIFS('By issue and group'!$D$5:$D$34,'By issue and group'!$A$5:$A$34,"Card issuer",'By issue and group'!$B$5:$B$34,$A18)/B18,"") -> 0.22011385 | E18: =IFERROR((D18-$B$4)*100,"") -> -10.267114 | F18: =IF(C18>=$B$3,"Yes","No") -> No | G18: =IF(D18<$B$4,"Yes","No") -> Yes | H18: =IF(AND(F18="Yes",G18="Yes"),"Priority","")
A19: Improper use of your report | B19: =SUMIFS('By issue and group'!$C$5:$C$34,'By issue and group'!$A$5:$A$34,"Card issuer",'By issue and group'!$B$5:$B$34,$A19) -> 1038 | C19: =IFERROR(B19/$B$5,"") -> 0.014677187 | D19: =IFERROR(SUMIFS('By issue and group'!$D$5:$D$34,'By issue and group'!$A$5:$A$34,"Card issuer",'By issue and group'!$B$5:$B$34,$A19)/B19,"") -> 0.29094412 | E19: =IFERROR((D19-$B$4)*100,"") -> -3.1840866 | F19: =IF(C19>=$B$3,"Yes","No") -> No | G19: =IF(D19<$B$4,"Yes","No") -> Yes | H19: =IF(AND(F19="Yes",G19="Yes"),"Priority","")
... A22: Unable to get your credit report or credit score | B22: =SUMIFS('By issue and group'!$C$5:$C$34,'By issue and group'!$A$5:$A$34,"Card issuer",'By issue and group'!$B$5:$B$34,$A22) -> 37 | C22: =IFERROR(B22/$B$5,"") -> 0.00052317525 | D22: =IFERROR(SUMIFS('By issue and group'!$D$5:$D$34,'By issue and group'!$A$5:$A$34,"Card issuer",'By issue and group'!$B$5:$B$34,$A22)/B22,"") -> 0.13513514 | E22: =IFERROR((D22-$B$4)*100,"") -> -18.764985 | F22: =IF(C22>=$B$3,"Yes","No") -> No | G22: =IF(D22<$B$4,"Yes","No") -> Yes | H22: =IF(AND(F22="Yes",G22="Yes"),"Priority","")

Sheet Decision log
A1: Decision log
A2: Each decision or check made so far, the result, and why it matters. Items marked 'Analyst' rest on the analyst's judgement or domain knowledge.
A4: # | B4: Decision or check | C4: Result | D4: Why it matters
A5: 1 | B5: Dataset and slice | C5: CFPB Consumer Complaint Database, credit card product, 97,861 rows imported into SQL Server table complaints_raw. Date received runs from 2023-08-17 to 2024-12-31. | D5: Public data keeps the findings real. The filtered export stays under the site's 100,000-row cap.
A6: 2 | B6: Raw table kept untouched | C6: complaints_raw is an exact copy of the export. Dates left as text; labels added only through a view. | D6: The original can always be traced back.
A7: 3 | B7: Complaint_ID uniqueness | C7: A HAVING COUNT(*) > 1 query returned 0 rows, so every Complaint_ID is unique. | D7: No duplicate complaints can inflate counts.
A8: 4 | B8: Timely response flag | C8: 97,694 Yes and 167 No, so 99.83% of responses were timely. | D8: Ruled out response speed, so the analysis moved to outcomes. The volume-vs-timeliness hypothesis was rejected.
A9: 5 | B9: Missing values | C9: 'None' is stored as text, not NULL (Tags: 0 NULLs, 83,728 'None'). | D9: IS NULL checks would miss these placeholders.
A10: 6 | B10: Relief definition | C10: Relief = Closed with monetary relief + Closed with non-monetary relief. Denominator excludes the 29 'Untimely response' rows. | D10: A fixed, visible definition. 'Closed with explanation' does not mean the company was right.
A11: 7 | B11: Bureau vs card issuer split (Analyst) | C11: Equifax, Experian and TransUnion are labelled 'Bureau'. Every other company is 'Card issuer'. Implemented as the view dbo.complaints_labeled. | D11: Bureaus and issuers handle different kinds of problems. Combined, the bureaus hid the issuers' results. Reconciled: 27,110 + 70,751 = 97,861.
A12: 8 | B12: CLGF Holdco 1, LLC (Analyst) | C12: Classified as a card issuer (it is both an issuer and a lender), from the analyst's domain knowledge. | D12: A classification that rests on judgement, not on a column in the data.
A13: 9 | B13: Untimely response rows | C13: All 29 'Untimely response' rows are card issuer rows (70,751 minus 70,722 outcomes; bureau total unchanged at 27,110). | D13: Explains why the card issuer count drops by 29 in the relief-rate tables.
A14: 10 | B14: Baseline relief rates | C14: Combined 38.8%. Bureaus 55.9%. Card issuers 32.3%. | D14: The split changed the story: the combined figure was pulled up by the bureaus.
A15: 11 | B15: High-volume cutoff (Analyst) | C15: 5% of card issuer complaints (about 1 in 20). Reason: every customer's issue matters equally, but with limited time a team prioritises issues that recur often and could affect the business. Check: any cutoff from about 4.9% to 7.5% flags the same four issues. | D15: Makes the 'priority' screen the analyst's own decision and shows it is not fragile. The data measures recurrence and relief rate, not business impact.
A16: 12 | B16: What 'relief' means | C16: Relief = the company reported giving the customer money (monetary relief) or a fix (non-monetary relief). It does not show that the issue was resolved or that the customer was satisfied. The company chooses the category. | D16: Use the term 'relief rate', not 'resolution rate'. The consumer-disputed field, which came closest to satisfaction, stopped being collected in 2017.
A17: 13 | B17: Limitations | C17: Complaints are not a representative sample. No customer counts, so volume is not performance. US data. Only the top 30 company names were reviewed for classification; the other 486 were not checked individually. | D17: Findings describe where complaints concentrate and how they end, not which companies are good or bad.
